canonical_product_id,manufacturer_product_number,primary,gallery_count,media_source,status
plantlogic-ground-cover-1600201,1600201,/assets/img/v5/media/00eb0234d0dc495832f8.jpg,5,plantlogic_official_page + v5_current,COMPLETE
plantlogic-pot-anchor,1700020 / 1700034 / 1700041,/assets/img/v5/media/6d3c4677a1ce24b651f3.jpg,1,v5_current,ONE_PHOTO
plantlogic-hose-clip-12050010,12050010,/assets/img/v5/media/25e7d6585579476d5cf3.jpg,4,plantlogic_official_page + v5_current,COMPLETE
plantlogic-nursery-tray-1302048,1302048,/assets/img/v5/media/7304d4d65ec1061f2812.jpg,2,plantlogic_official_page,COMPLETE
plantlogic-hose-clip-1205001-1205002,1205001 / 1205002,/assets/img/v5/media/126d75701ba4e2b6feed.jpg,2,plantlogic_official_page,COMPLETE
plantlogic-micro-tube-stake-1205018,1205018,,0,,MEDIA_CONFLICT_OR_UNVERIFIED
plantlogic-micro-tube-stake-1205019,1205019,,0,,MEDIA_CONFLICT_OR_UNVERIFIED
plantlogic-lysimeter-kit,1301010 / 1301030,/assets/img/v5/media/da9e77e8e71226b45fe9.jpg,1,v5_current,ONE_PHOTO
plantlogic-metal-hose-clip-1205012,1205012,/assets/img/v5/media/09cb05477b64c8908b3a.jpg,7,plantlogic_official_page + v5_current,COMPLETE
plantlogic-metal-gutter-30050008,30050008,,0,,MEDIA_CONFLICT_OR_UNVERIFIED
plantlogic-metal-stakes-gutter,1700146 / 1700147,/assets/img/v5/media/2ede80c5a49bb3f01cd7.jpg,2,plantlogic_official_page + v5_current,COMPLETE
plantlogic-culti-base,13079250 / 13079300,/assets/img/v5/media/03a3e9d7071ea259af7e.png,6,plantlogic_official_page + v5_current,COMPLETE
plantlogic-bag-base-1307040,1307040,/assets/img/v5/media/7754eb70dffac4d091e1.jpg,2,plantlogic_official_page,COMPLETE
plantlogic-vf-bag-base-12010300,12010300 / 12010400,/assets/img/v5/media/0bf49ae91c067410028a.jpg,3,plantlogic_official_page + v5_current,COMPLETE
plantlogic-bag-base-edge-drainage-1307030,1307030,/assets/img/v5/media/bd6d2865214bcf48696e.jpg,3,plantlogic_official_page,COMPLETE
plantlogic-vf-bag-base-hose-fix-12010320,12010320,,0,,MEDIA_CONFLICT_OR_UNVERIFIED
plantlogic-bag-base-drainage-1301036,1301036,/assets/img/v5/media/7589faad4063064aa7ef.jpg,1,v5_current,ONE_PHOTO
plantlogic-slab-base-bags-slabs-1302809,1302809,,0,,MEDIA_CONFLICT_OR_UNVERIFIED
plantlogic-plastic-gutter-drainage,1200021 / 1300010 / 1300011,/assets/img/v5/media/7ec8b98109a532927908.jpg,1,v5_current,ONE_PHOTO
plantlogic-blueberry-35l-round-anti-leaking-ring-13080359,13080359,,0,,MEDIA_CONFLICT_OR_UNVERIFIED
plantlogic-blueberry-square-20l-1309020,1309020,/assets/img/v5/media/35e3bba08efff1badfb1.jpg,6,plantlogic_media_master + v5_current + v5_exact_sku,COMPLETE
plantlogic-blueberry-round-20l-1308020,1308020,/assets/img/v5/media/1f70146fb087d6015d93.jpg,6,plantlogic_media_master + v5_current + v5_exact_sku,COMPLETE
plantlogic-blueberry-zephyr-v2-25l-1301144,1301144,/assets/img/v5/media/aaaa485fd58fd917c4fb.jpg,6,plantlogic_media_master + v5_current + v5_exact_sku,COMPLETE
plantlogic-blueberry-square-25l-u-grooves-1309026,1309026,/assets/img/v5/media/9a1790cb0d8904cf00af.jpg,8,plantlogic_media_master + v5_current + v5_exact_sku,COMPLETE
plantlogic-blueberry-square-25l-1309025,1309025,/assets/img/v5/media/7f2c1ac0af0245634e72.jpg,4,v5_current + v5_exact_sku,COMPLETE
plantlogic-blueberry-round-25l-u-grooves-1308026,1308026,/assets/img/v5/media/20ef92a851ef1e90ff13.jpg,7,plantlogic_media_master,COMPLETE
plantlogic-25l-round-drainage-1304125,1304125,/assets/img/v5/media/0c55af7d09b24e958c67.jpg,5,v5_current,COMPLETE
plantlogic-blueberry-round-25l-drainage-short-legs-1303125,1303125,/assets/img/v5/media/3020119da3d326d924cc.jpg,6,plantlogic_media_master,COMPLETE
blueberry-round-short-legs-pot,1303025,/assets/img/v5/media/df2ce09e3635de13488f.jpg,5,plantlogic_media_master + v5_current,COMPLETE
plantlogic-blueberry-round-25l-1308025,1308025,/assets/img/v5/media/c87cc4ef3de220447f91.jpg,5,v5_current,COMPLETE
plantlogic-25-round-1308125,1308125,/assets/img/v5/media/2d65b0000deb674bd52c.jpg,9,plantlogic_media_master,COMPLETE
plantlogic-blueberry-zephyr-v2-30l-1301153,1301153,/assets/img/v5/media/5e126950eb44f3b0aee0.jpg,2,v5_current,COMPLETE
plantlogic-blueberry-square-30l-1309030,1309030,/assets/img/v5/media/29bf6988639c45cc15c4.jpg,8,plantlogic_media_master + v5_current + v5_exact_sku,COMPLETE
plantlogic-blueberry-round-30l-u-grooves-1308303,1308303,/assets/img/v5/media/41a504975291f806d8cb.jpg,5,v5_current,COMPLETE
plantlogic-blueberry-round-30l-v-ribs-1308031,1308031,/assets/img/v5/media/369ea8cb27bd96284b2d.jpg,10,plantlogic_media_master + v5_current + v5_exact_sku,COMPLETE
plantlogic-blueberry-round-30l-parallel-u-grooves-1308305,1308305,/assets/img/v5/media/6c0173339316124406da.jpg,4,v5_current + v5_exact_sku,COMPLETE
plantlogic-blueberry-square-35l-u-grooves-13090350,13090350,/assets/img/v5/media/4fd3f2967b30bb333ed1.jpg,6,plantlogic_media_master + v5_current + v5_exact_sku,COMPLETE
plantlogic-blueberry-round-35l-u-grooves-13080350,13080350,/assets/img/v5/media/9467e069dad333335bc2.jpg,5,plantlogic_media_master + v5_current,COMPLETE
plantlogic-blueberry-zephyr-v2-40l-1301143,1301143,/assets/img/v5/media/40c9fb5ac7728d09d53c.png,1,plantlogic_official_tech_sheet,TECH_SHEET_ONLY
plantlogic-blueberry-square-40l-u-grooves-side-holes-16mm-13090400,13090400,/assets/img/v5/media/a2e83f0f87548738ce62.png,1,plantlogic_official_tech_sheet,TECH_SHEET_ONLY
plantlogic-blueberry-square-40l-u-grooves-side-holes-20mm-13090440,13090440,/assets/img/v5/media/a2e83f0f87548738ce62.png,1,plantlogic_official_tech_sheet,TECH_SHEET_ONLY
plantlogic-blueberry-round-40l-u-grooves-1308041,1308041,/assets/img/v5/media/1df1ae08f0d5e08eb3df.jpg,9,plantlogic_media_master + v5_current,COMPLETE
plantlogic-blueberry-round-40l-1308040,1308040,/assets/img/v5/media/fe1944fcb855ac323645.jpg,6,plantlogic_media_master + v5_current + v5_exact_sku,COMPLETE
plantlogic-zephyr-1301133,1301133,/assets/img/v5/media/da754e33c529d18725b1.jpg,1,plantlogic_official_tech_sheet_page,ONE_PHOTO
plantlogic-zephyr-v2-hose-clip-1700149,1700149,,0,,MEDIA_CONFLICT_OR_UNVERIFIED
plantlogic-pot-cover-1310110,1310110,,0,,MEDIA_CONFLICT_OR_UNVERIFIED
plantlogic-steel-lysimeter,13046025 / 13046026 / 13046031 / 13046041,/assets/img/v5/media/0d1787affd6a3bbce8e3.jpg,8,plantlogic_official_page + v5_current,COMPLETE
plantlogic-10l-drainage-1307110,1307110,/assets/img/v5/media/eda248272cd50199e413.jpg,6,v5_current,COMPLETE
plantlogic-10l-square-1306010,1306010,/assets/img/v5/media/51ab8e4e48d7bf2ffb20.jpg,7,v5_current,COMPLETE
plantlogic-rubus-square-10l-legacy-1309010,1309010,,0,,NO_MEDIA
plantlogic-15l-square-1309015,1309015,/assets/img/v5/media/ac34374c119c2daccb4d.jpg,6,v5_current,COMPLETE
plantlogic-15l-round-drainage-1304015,1304015,/assets/img/v5/media/594926c56dcb98faa098.jpg,5,v5_current,COMPLETE
plantlogic-3l-square-1306003,1306003,/assets/img/v5/media/2d5b8ea8afb768d50be8.jpg,6,v5_current,COMPLETE
plantlogic-4-7l-square-cold-storage-13050040,13050040,/assets/img/v5/media/135ab90eacc6e99dcdab.jpg,7,v5_current,COMPLETE
plantlogic-5l-drainage-1305005,1305005,/assets/img/v5/media/4c726f7797ab62d3875c.jpg,8,v5_current,COMPLETE
plantlogic-5l-square-short-1306051,1306051,/assets/img/v5/media/f2d73a9c31896314fbe3.jpg,9,v5_current,COMPLETE
plantlogic-7l-square-1306007,1306007,/assets/img/v5/media/feae13bcb85666b065fd.jpg,6,v5_current,COMPLETE
plantlogic-7l-square-cold-storage-1305071,1305071,/assets/img/v5/media/9a3e43da6829d390d1d7.jpg,9,v5_current,COMPLETE
plantlogic-7l-drainage-1307107,1307107,/assets/img/v5/media/2a774324644075eed958.jpg,7,v5_current,COMPLETE
plantlogic-8l-square-1309008,1309008,/assets/img/v5/media/26631f70e8d140f613c5.jpg,9,v5_current,COMPLETE
plantlogic-cold-storage-bin-1702000,1702000,/assets/img/v5/media/44d5bd8e4a66c27b31dd.jpg,2,plantlogic_official_page,COMPLETE
plantlogic-17l-drainage-1305117,1305117,/assets/img/v5/media/f0fe6a19d496a27d1985.jpg,5,v5_current,COMPLETE
plantlogic-vegetable-pot-8l-1305008,1305008,/assets/img/v5/media/123b4172a531882ebe7a.jpg,2,plantlogic_official_page,COMPLETE
plantlogic-kratos-rivus-grow-bag-8l-1500010,1500010,,0,,MEDIA_CONFLICT_OR_UNVERIFIED
plantlogic-rivus-slab-base,13020500 / 13020502,/assets/img/v5/media/907d14d636ec4259576c.jpg,7,v5_exact_sku,COMPLETE
plantlogic-kratos-slab-base-1301081,1301081,/assets/img/v5/media/9795c7c9da858618ab14.jpg,6,plantlogic_official_page + v5_current,COMPLETE
plantlogic-rivus-end-cap,13020510 / 13020512,/assets/img/v5/media/0c624f873b1d64a36a87.jpg,2,v5_exact_sku,COMPLETE
plantlogic-18l-strawberry-trough-1305909,1305909,/assets/img/v5/media/7c54700a215a9b1f5bf5.jpg,4,plantlogic_official_page + v5_current,COMPLETE
plantlogic-8l-strawberry-trough-big-handle-1305082,1305082,/assets/img/v5/media/026d011a0d4fa0794b06.jpg,4,plantlogic_official_page + v5_current,COMPLETE
plantlogic-strawberry-trough-8l-short-legs-1305081,1305081,/assets/img/v5/media/026d011a0d4fa0794b06.jpg,1,plantlogic_official_page,ONE_PHOTO
plantlogic-strawberry-trough-9l-1305109,1305109,/assets/img/v5/media/0ae48fce77a5a882b757.jpg,1,plantlogic_official_page,ONE_PHOTO
plantlogic-9l-strawberry-trough-truss-1305209,1305209,/assets/img/v5/media/bcaff6d9109c1cb10fef.jpg,4,plantlogic_official_page + v5_current,COMPLETE
plantlogic-trough-cover,30020012 / C30020012 / 30020034 / C30020034 / 30020036 / C30020036 / 30020037 / C30020037 / 30020040 / C30020040 / 30020041 / C30020041,/assets/img/v5/media/de683edc527e971a2862.jpg,1,v5_current,ONE_PHOTO
plantlogic-universal-round-25l-legacy-1309003,1309003,,0,,MEDIA_CONFLICT_OR_UNVERIFIED
plantlogic-universal-round-30l-1308030,1308030,,0,,MEDIA_CONFLICT_OR_UNVERIFIED
plantlogic-30l-drainage-1307133,1307133,/assets/img/v5/media/a38fd841e5d5aac3f352.jpg,5,v5_current,COMPLETE
plantlogic-universal-square-40l-legacy-1309040,1309040,,0,,MEDIA_CONFLICT_OR_UNVERIFIED
plantlogic-universal-round-5l-1308005,1308005,/assets/img/v5/media/344a7a428cdaa21de5e4.jpg,1,plantlogic_official_page,ONE_PHOTO
